county,week,week number,Examination Gloves,Viral Testing Media,Swabs,Other / None of the above,Cleaning Supplies,Surgical or Examination Gowns,Wipes,Shoe Covers,Surgical Masks,Face Shields (Disposable),Hand Sanitizers,Pharmaceuticals,Cloth Masks,Lab Supplies,Coveralls (Hospitals or EMS),Medical Equipment,N-95 Respirators,KN95 Respirators,Test Kits,Sample Collecting Kits,Goggles,Lab Kit,Body Bags,Personnel,Beds/Cots,Ventilators,Lab Platform,Fit Testing Supplies,Bedding Accessories
['Los Angeles'],2021-02-27 to 2021-03-05,1,[411543000.0],[7616182.0],[11036550.0],[1773730.0],[170800.0],[88477892.0],[27608472.0],[359100.0],[456221050.0],[28609502.0],[13702249.0],[274316.0],[42448700.0],[0.0],[160804.0],[4095977.0],[283894900.0],[1340080.0],[6202560.0],[385000.0],[480600.0],[0.0],[33740.0],[24894.0],[1834.0],[7392.0],[0.0],[266.0],[0.0]
['Solano'],2021-02-27 to 2021-03-05,1,[17705520.0],[411978.0],[693700.0],[100457.0],[0.0],[678496.0],[40320.0],[5250.0],[10467100.0],[803138.0],[244636.0],[3052.0],[1451800.0],[97300.0],[33250.0],[15785.0],[3861340.0],[13020.0],[878080.0],[0.0],[70700.0],[45500.0],[0.0],[126.0],[0.0],[0.0],[0.0],[35.0],[0.0]
['Fresno'],2021-02-27 to 2021-03-05,1,[34865040.0],[801500.0],[1052800.0],[491519.0],[0.0],[1321810.0],[1820000.0],[241150.0],[60753000.0],[2132200.0],[2385803.0],[12943.0],[12068000.0],[0.0],[8960.0],[57351.0],[12613440.0],[897540.0],[870940.0],[10500.0],[79800.0],[0.0],[0.0],[2541.0],[0.0],[28.0],[0.0],[861.0],[0.0]
['Mendocino'],2021-02-27 to 2021-03-05,1,[3920000.0],[122241.0],[207200.0],[80150.0],[224000.0],[507710.0],[266560.0],[0.0],[5050500.0],[289100.0],[178402.0],[448.0],[722022.0],[24612.0],[5040.0],[78400.0],[1504720.0],[14000.0],[356480.0],[68152.0],[21000.0],[0.0],[0.0],[84.0],[301.0],[21.0],[0.0],[0.0],[0.0]
['Trinity'],2021-02-27 to 2021-03-05,1,[1750000.0],[20650.0],[35707.0],[18200.0],[0.0],[89978.0],[25200.0],[0.0],[581560.0],[41160.0],[13972.0],[595.0],[74340.0],[7000.0],[126.0],[19600.0],[226604.0],[8820.0],[94080.0],[17500.0],[0.0],[0.0],[0.0],[56.0],[0.0],[0.0],[0.0],[0.0],[0.0]
['Nevada'],2021-02-27 to 2021-03-05,1,[2945600.0],[83139.0],[120400.0],[22988.0],[0.0],[228284.0],[12600.0],[0.0],[1057000.0],[67900.0],[59150.0],[700.0],[154616.0],[0.0],[2800.0],[69300.0],[1020040.0],[95200.0],[44240.0],[4550.0],[7700.0],[0.0],[0.0],[84.0],[0.0],[0.0],[0.0],[28.0],[0.0]
['Inyo'],2021-02-27 to 2021-03-05,1,[4061960.0],[18158.0],[126700.0],[5488.0],[756.0],[35924.0],[660800.0],[28000.0],[3674300.0],[193592.0],[113484.0],[100800.0],[942760.0],[52500.0],[10087.0],[32893.0],[661360.0],[66920.0],[72870.0],[9100.0],[2100.0],[0.0],[1050.0],[21.0],[364.0],[280.0],[0.0],[35.0],[0.0]
['Yolo'],2021-02-27 to 2021-03-05,1,[7867160.0],[88256.0],[147000.0],[85925.0],[0.0],[552846.0],[530880.0],[42000.0],[5705000.0],[326060.0],[308735.0],[959.0],[2756740.0],[7056.0],[28063.0],[0.0],[1776600.0],[334040.0],[340480.0],[21000.0],[16800.0],[0.0],[0.0],[238.0],[0.0],[0.0],[0.0],[0.0],[0.0]
['Santa Cruz'],2021-02-27 to 2021-03-05,1,[20877080.0],[363090.0],[463400.0],[29995.0],[5600.0],[2671200.0],[266000.0],[476000.0],[16142000.0],[746844.0],[801220.0],[497.0],[1610672.0],[71652.0],[37800.0],[22946.0],[8183175.0],[85820.0],[510720.0],[164500.0],[34720.0],[0.0],[0.0],[1288.0],[0.0],[0.0],[0.0],[0.0],[0.0]
['Imperial'],2021-02-27 to 2021-03-05,1,[13705580.0],[324324.0],[406000.0],[467509.0],[0.0],[1758232.0],[632800.0],[0.0],[32578700.0],[972160.0],[1308748.0],[112126.0],[1454600.0],[0.0],[497567.0],[18333.0],[8400980.0],[1165500.0],[383600.0],[152600.0],[43400.0],[0.0],[3500.0],[1309.0],[315.0],[784.0],[0.0],[0.0],[0.0]
['Marin'],2021-02-27 to 2021-03-05,1,[10147000.0],[214648.0],[336000.0],[494186.0],[0.0],[1723990.0],[1064000.0],[140000.0],[6090700.0],[1183828.0],[212340.0],[1064.0],[905240.0],[0.0],[151396.0],[714.0],[4254180.0],[31640.0],[780720.0],[155050.0],[0.0],[0.0],[0.0],[133.0],[0.0],[0.0],[0.0],[28.0],[0.0]
['San Bernardino'],2021-02-27 to 2021-03-05,1,[30457000.0],[319130.0],[511000.0],[60277.0],[0.0],[2438394.0],[20160.0],[5250.0],[48794200.0],[1933232.0],[1011892.0],[31206.0],[11134508.0],[0.0],[49875.0],[25900.0],[8871898.0],[235900.0],[735490.0],[140000.0],[33040.0],[0.0],[8050.0],[5922.0],[0.0],[2100.0],[0.0],[140.0],[0.0]
['Kern'],2021-02-27 to 2021-03-05,1,[11330000.0],[832636.0],[876050.0],[137256.0],[0.0],[4631760.0],[131040.0],[0.0],[34770400.0],[3710448.0],[7176491.0],[17969.0],[9310000.0],[0.0],[0.0],[9863.0],[10829325.0],[137760.0],[714000.0],[0.0],[1400.0],[0.0],[0.0],[2989.0],[0.0],[42.0],[0.0],[0.0],[0.0]
['Orange'],2021-02-27 to 2021-03-05,1,[85471880.0],[3526320.0],[3703000.0],[2589402.0],[7056.0],[8511118.0],[3572800.0],[282100.0],[107757720.0],[6584968.0],[3576967.0],[49336.0],[14246120.0],[0.0],[14700.0],[2600122.0],[47680858.0],[1066660.0],[7052710.0],[1400.0],[1789340.0],[0.0],[14140.0],[2226.0],[16100.0],[756.0],[0.0],[364.0],[0.0]
['Sutter'],2021-02-27 to 2021-03-05,1,[623000.0],[47824.0],[68600.0],[68264.0],[0.0],[69440.0],[8400.0],[0.0],[1740200.0],[133000.0],[47369.0],[35.0],[428960.0],[0.0],[0.0],[0.0],[936880.0],[0.0],[118160.0],[33600.0],[700.0],[0.0],[0.0],[7.0],[0.0],[0.0],[0.0],[0.0],[0.0]
['Tulare'],2021-02-27 to 2021-03-05,1,[27972720.0],[504049.0],[1169700.0],[155946.0],[14.0],[1814414.0],[505120.0],[99050.0],[20031900.0],[1694322.0],[624694.0],[7108.0],[2699620.0],[0.0],[93975.0],[44989.0],[6685042.0],[350000.0],[574080.0],[534800.0],[44380.0],[0.0],[4970.0],[1169.0],[4200.0],[196.0],[0.0],[0.0],[0.0]
['Siskiyou'],2021-02-27 to 2021-03-05,1,[1330000.0],[44142.0],[197407.0],[350.0],[0.0],[106484.0],[7000.0],[0.0],[4319000.0],[35224.0],[60732.0],[2905.0],[385553.0],[0.0],[0.0],[67550.0],[861000.0],[70000.0],[226520.0],[73500.0],[0.0],[0.0],[0.0],[35.0],[0.0],[0.0],[0.0],[98.0],[0.0]
['Alameda'],2021-02-27 to 2021-03-05,1,[58818200.0],[2083298.0],[3078600.0],[1377866.0],[0.0],[2113008.0],[5699800.0],[28000.0],[108985100.0],[2215208.0],[2702046.0],[14887.0],[14670460.0],[305200.0],[61474.0],[359921.0],[18437000.0],[447440.0],[1339800.0],[120400.0],[97400.0],[0.0],[0.0],[469.0],[0.0],[70.0],[0.0],[1295.0],[0.0]
['Stanislaus'],2021-02-27 to 2021-03-05,1,[26439000.0],[1034908.0],[1178800.0],[26460.0],[1753612.0],[10003000.0],[39816.0],[126000.0],[16016000.0],[764652.0],[1189825.0],[108199.0],[3633700.0],[81200.0],[159978.0],[29547.0],[10368228.0],[257040.0],[1134880.0],[394800.0],[95200.0],[0.0],[700.0],[770.0],[0.0],[1470.0],[0.0],[7.0],[0.0]
['Lake'],2021-02-27 to 2021-03-05,1,[7815720.0],[116228.0],[154700.0],[350.0],[0.0],[211302.0],[429720.0],[2800.0],[5628760.0],[147000.0],[75656.0],[91.0],[345037.0],[0.0],[0.0],[350.0],[686900.0],[79380.0],[143080.0],[0.0],[14000.0],[0.0],[0.0],[35.0],[0.0],[0.0],[0.0],[0.0],[0.0]
['Del Norte'],2021-02-27 to 2021-03-05,1,[8096900.0],[355005.0],[358400.0],[211246.0],[42.0],[592102.0],[847392.0],[28000.0],[10046400.0],[90300.0],[198100.0],[0.0],[414484.0],[0.0],[10500.0],[0.0],[1698130.0],[190820.0],[141995.0],[322350.0],[8400.0],[0.0],[0.0],[42.0],[0.0],[0.0],[0.0],[0.0],[0.0]
['San Mateo'],2021-02-27 to 2021-03-05,1,[16543800.0],[1349789.0],[1771350.0],[488782.0],[7056.0],[8202040.0],[19889520.0],[126000.0],[21067200.0],[976080.0],[477176.0],[5327.0],[2232272.0],[211400.0],[0.0],[163520.0],[3133200.0],[274750.0],[1633100.0],[285600.0],[66500.0],[0.0],[0.0],[329.0],[0.0],[91.0],[0.0],[301.0],[0.0]
['Tehama'],2021-02-27 to 2021-03-05,1,[685360.0],[700.0],[24500.0],[54866.0],[0.0],[33600.0],[48640.0],[0.0],[3004800.0],[67200.0],[48356.0],[3472.0],[251125.0],[0.0],[0.0],[19600.0],[412440.0],[0.0],[222600.0],[12600.0],[1400.0],[0.0],[0.0],[84.0],[0.0],[0.0],[0.0],[0.0],[0.0]
['San Francisco'],2021-02-27 to 2021-03-05,1,[34672120.0],[1741704.0],[2315935.0],[149583.0],[6720.0],[421302.0],[1074320.0],[0.0],[41014300.0],[2187220.0],[629882.0],[9191.0],[3137869.0],[317800.0],[18060.0],[73584.0],[16513020.0],[747880.0],[1639120.0],[79450.0],[85820.0],[0.0],[0.0],[728.0],[0.0],[0.0],[0.0],[0.0],[0.0]
['San Joaquin'],2021-02-27 to 2021-03-05,1,[38819760.0],[417228.0],[806435.0],[1205715.0],[700000.0],[4457124.0],[4844280.0],[576100.0],[28717290.0],[3418072.0],[952070.0],[6930.0],[4025952.0],[0.0],[310975.0],[71414.0],[12114158.0],[1248520.0],[1178660.0],[361200.0],[375900.0],[0.0],[0.0],[2198.0],[0.0],[343.0],[0.0],[105.0],[0.0]
['Santa Barbara'],2021-02-27 to 2021-03-05,1,[17655120.0],[880915.0],[1267000.0],[20349.0],[0.0],[1001552.0],[722736.0],[0.0],[19789000.0],[508200.0],[1104516.0],[5789.0],[3093580.0],[0.0],[29134.0],[21350.0],[14194880.0],[327880.0],[434000.0],[336000.0],[96600.0],[0.0],[0.0],[343.0],[168.0],[0.0],[0.0],[126.0],[0.0]
['Sacramento'],2021-02-27 to 2021-03-05,1,[199517700.0],[2625826.0],[5229000.0],[8760398.0],[396354.0],[17798340.0],[80344960.0],[520100.0],[95828950.0],[13916224.0],[7263819.0],[18109.0],[9715860.0],[37800.0],[166810.0],[304733.0],[48199205.0],[12314400.0],[2499830.0],[824600.0],[1250200.0],[0.0],[1820.0],[672.0],[0.0],[0.0],[0.0],[28.0],[0.0]
['Madera'],2021-02-27 to 2021-03-05,1,[1113000.0],[210812.0],[385000.0],[597212.0],[0.0],[427000.0],[184800.0],[140000.0],[4376400.0],[640836.0],[812532.0],[581.0],[1316000.0],[0.0],[0.0],[35812.0],[3456600.0],[97860.0],[405440.0],[84000.0],[7350.0],[0.0],[0.0],[497.0],[0.0],[161.0],[0.0],[14.0],[0.0]
['Yuba'],2021-02-27 to 2021-03-05,1,[9233000.0],[80220.0],[224014.0],[145194.0],[0.0],[612556.0],[0.0],[0.0],[5236000.0],[74200.0],[243138.0],[602.0],[496104.0],[0.0],[476.0],[140728.0],[381360.0],[0.0],[134400.0],[35000.0],[0.0],[0.0],[0.0],[602.0],[252.0],[28.0],[0.0],[0.0],[210.0]
['Santa Clara'],2021-02-27 to 2021-03-05,1,[57292200.0],[4494966.0],[4540200.0],[2375163.0],[168000.0],[3646030.0],[1985440.0],[1757000.0],[66561250.0],[13809628.0],[1581827.0],[96243.0],[10378340.0],[70000.0],[446264.0],[1736420.0],[56773687.0],[84560.0],[3447120.0],[2940000.0],[33400.0],[0.0],[0.0],[706.0],[0.0],[0.0],[0.0],[399.0],[0.0]
['Humboldt'],2021-02-27 to 2021-03-05,1,[10691960.0],[621292.0],[764400.0],[792631.0],[0.0],[1152650.0],[92640.0],[5250.0],[14136200.0],[310786.0],[276892.0],[0.0],[708533.0],[0.0],[0.0],[177528.0],[1937360.0],[134960.0],[326480.0],[441700.0],[13300.0],[0.0],[0.0],[0.0],[1456.0],[35.0],[0.0],[28.0],[0.0]
['San Diego'],2021-02-27 to 2021-03-05,1,[137551736.0],[1899520.0],[3136000.0],[2090935.0],[177282.0],[27648628.0],[5363288.0],[700000.0],[128867200.0],[5416656.0],[3399067.0],[49266.0],[14536256.0],[141400.0],[77364.0],[1492862.0],[20599132.0],[35280.0],[3412640.0],[470400.0],[823200.0],[0.0],[10570.0],[3507.0],[504.0],[1260.0],[0.0],[371.0],[0.0]
['San Benito'],2021-02-27 to 2021-03-05,1,[3335000.0],[269276.0],[630000.0],[3962.0],[0.0],[897820.0],[4861920.0],[14000.0],[2446500.0],[47600.0],[27440.0],[56.0],[222180.0],[7000.0],[1925.0],[48300.0],[1864070.0],[98280.0],[106400.0],[89600.0],[0.0],[0.0],[1820.0],[70.0],[0.0],[70.0],[0.0],[14.0],[0.0]
['Kings'],2021-02-27 to 2021-03-05,1,[3226720.0],[172480.0],[204421.0],[329924.0],[0.0],[706174.0],[161840.0],[7000.0],[5478200.0],[234192.0],[567798.0],[5012.0],[2703120.0],[0.0],[0.0],[70.0],[4675720.0],[87640.0],[135520.0],[179200.0],[385.0],[0.0],[0.0],[210.0],[0.0],[42.0],[0.0],[0.0],[0.0]
['Mariposa'],2021-02-27 to 2021-03-05,1,[1064000.0],[33712.0],[49000.0],[14700.0],[0.0],[11592.0],[29400.0],[7000.0],[952700.0],[29540.0],[97412.0],[100800.0],[67200.0],[0.0],[0.0],[0.0],[171360.0],[0.0],[76160.0],[0.0],[0.0],[0.0],[0.0],[0.0],[0.0],[0.0],[0.0],[0.0],[0.0]
['Riverside'],2021-02-27 to 2021-03-05,1,[78165180.0],[1019298.0],[756000.0],[274731.0],[1680.0],[8267700.0],[1328160.0],[10500.0],[117271100.0],[2162616.0],[2830869.0],[42322.0],[10111500.0],[2443000.0],[56350.0],[224924.0],[20058247.0],[977200.0],[1172780.0],[735000.0],[191200.0],[0.0],[14000.0],[4700.0],[1281.0],[2260.0],[0.0],[147.0],[0.0]
['San Luis Obispo'],2021-02-27 to 2021-03-05,1,[7890400.0],[29400.0],[189021.0],[12019.0],[0.0],[193270.0],[924840.0],[182000.0],[10854200.0],[353360.0],[317128.0],[574.0],[1543500.0],[36400.0],[3150.0],[120834.0],[2898420.0],[175280.0],[224000.0],[0.0],[46900.0],[0.0],[0.0],[21.0],[0.0],[0.0],[0.0],[0.0],[0.0]
['Modoc'],2021-02-27 to 2021-03-05,1,[406000.0],[53998.0],[71400.0],[143108.0],[0.0],[91700.0],[13440.0],[0.0],[1401400.0],[37100.0],[30128.0],[252.0],[68313.0],[0.0],[0.0],[19600.0],[122920.0],[8820.0],[62720.0],[1750.0],[0.0],[0.0],[0.0],[63.0],[0.0],[14.0],[0.0],[0.0],[0.0]
['Calaveras'],2021-02-27 to 2021-03-05,1,[634200.0],[56000.0],[77007.0],[106400.0],[0.0],[99050.0],[200200.0],[0.0],[280000.0],[56910.0],[55076.0],[70.0],[213493.0],[35000.0],[0.0],[700.0],[277144.0],[36680.0],[44800.0],[33950.0],[4900.0],[0.0],[0.0],[0.0],[0.0],[0.0],[0.0],[0.0],[0.0]
['Monterey'],2021-02-27 to 2021-03-05,1,[26240000.0],[767053.0],[1001000.0],[199353.0],[0.0],[1942990.0],[5403580.0],[102200.0],[24358936.0],[913080.0],[1254939.0],[2345.0],[1850296.0],[0.0],[58513.0],[29281.0],[12552540.0],[690060.0],[590520.0],[238000.0],[88200.0],[0.0],[700.0],[273.0],[0.0],[0.0],[0.0],[364.0],[0.0]
['Tuolumne'],2021-02-27 to 2021-03-05,1,[3570000.0],[42000.0],[154000.0],[28.0],[0.0],[339360.0],[20160.0],[0.0],[13595400.0],[209160.0],[99085.0],[2212.0],[191919.0],[0.0],[350.0],[7014.0],[1323784.0],[114660.0],[109830.0],[28000.0],[3500.0],[0.0],[0.0],[119.0],[0.0],[0.0],[0.0],[0.0],[0.0]
['Napa'],2021-02-27 to 2021-03-05,1,[27834800.0],[81592.0],[126000.0],[153363.0],[0.0],[663880.0],[77000.0],[0.0],[5713400.0],[255976.0],[1303890.0],[378.0],[1401533.0],[0.0],[0.0],[364.0],[2108428.0],[116060.0],[85120.0],[152600.0],[23800.0],[0.0],[0.0],[91.0],[0.0],[105.0],[0.0],[0.0],[0.0]
['Ventura'],2021-02-27 to 2021-03-05,1,[21118300.0],[874328.0],[1582000.0],[68292.0],[0.0],[3507350.0],[1513120.0],[0.0],[69882750.0],[2677500.0],[600425.0],[5635.0],[4015564.0],[0.0],[35280.0],[285320.0],[15927240.0],[371140.0],[201600.0],[797650.0],[49700.0],[0.0],[0.0],[455.0],[336.0],[350.0],[0.0],[595.0],[0.0]
['El Dorado'],2021-02-27 to 2021-03-05,1,[9198000.0],[26600.0],[49000.0],[126987.0],[0.0],[206220.0],[396480.0],[14000.0],[3534300.0],[129696.0],[106036.0],[0.0],[836500.0],[0.0],[1750.0],[71350.0],[306180.0],[88760.0],[300160.0],[102900.0],[20300.0],[0.0],[0.0],[168.0],[0.0],[0.0],[0.0],[0.0],[0.0]
['Placer'],2021-02-27 to 2021-03-05,1,[13235000.0],[1083824.0],[1281000.0],[11732.0],[0.0],[2644950.0],[1266800.0],[350000.0],[25737600.0],[827400.0],[682416.0],[101983.0],[2423120.0],[0.0],[15260.0],[0.0],[3726184.0],[1460620.0],[707840.0],[660800.0],[3656800.0],[0.0],[0.0],[77.0],[0.0],[0.0],[0.0],[98.0],[0.0]
['Contra Costa'],2021-02-27 to 2021-03-05,1,[28627900.0],[2875817.0],[2984100.0],[736087.0],[3570.0],[8846222.0],[29580040.0],[14000.0],[20207600.0],[1233736.0],[1659644.0],[3248.0],[3866212.0],[0.0],[26000.0],[203088.0],[17500630.0],[1294020.0],[1560370.0],[448700.0],[50400.0],[0.0],[0.0],[588.0],[0.0],[175.0],[0.0],[0.0],[0.0]
['Colusa'],2021-02-27 to 2021-03-05,1,[9688000.0],[36624.0],[35000.0],[70007.0],[0.0],[11592.0],[43680.0],[0.0],[9548000.0],[98448.0],[151403.0],[0.0],[342965.0],[0.0],[0.0],[19600.0],[497420.0],[0.0],[66220.0],[350.0],[11200.0],[0.0],[0.0],[14.0],[0.0],[0.0],[0.0],[0.0],[0.0]
['Sonoma'],2021-02-27 to 2021-03-05,1,[5986400.0],[1142519.0],[1547000.0],[1204196.0],[0.0],[740320.0],[434896.0],[0.0],[16956100.0],[812000.0],[395598.0],[1981.0],[3396120.0],[0.0],[106330.0],[113491.0],[6258700.0],[222180.0],[1082560.0],[890400.0],[76300.0],[0.0],[0.0],[1827.0],[0.0],[0.0],[0.0],[70.0],[0.0]
['Amador'],2021-02-27 to 2021-03-05,1,[931000.0],[33712.0],[98007.0],[10605.0],[210.0],[188300.0],[0.0],[0.0],[1456000.0],[120176.0],[54096.0],[1435.0],[198744.0],[0.0],[7000.0],[42000.0],[1371440.0],[44100.0],[40901.0],[7000.0],[70000.0],[0.0],[0.0],[35.0],[0.0],[0.0],[0.0],[0.0],[0.0]
['Mono'],2021-02-27 to 2021-03-05,1,[1627500.0],[51170.0],[147007.0],[70700.0],[84.0],[65058.0],[60200.0],[33250.0],[970200.0],[43876.0],[85022.0],[0.0],[72100.0],[0.0],[378.0],[0.0],[395500.0],[42280.0],[98000.0],[0.0],[10500.0],[0.0],[0.0],[0.0],[0.0],[0.0],[0.0],[0.0],[0.0]
['Shasta'],2021-02-27 to 2021-03-05,1,[1253000.0],[178416.0],[233100.0],[48524.0],[0.0],[143304.0],[73920.0],[0.0],[5053300.0],[155232.0],[196350.0],[231.0],[801444.0],[0.0],[0.0],[392.0],[480004.0],[0.0],[622720.0],[114800.0],[10500.0],[0.0],[0.0],[175.0],[0.0],[0.0],[0.0],[245.0],[0.0]
['Lassen'],2021-02-27 to 2021-03-05,1,[420000.0],[35280.0],[35035.0],[0.0],[0.0],[55370.0],[280000.0],[0.0],[3346000.0],[30184.0],[62580.0],[102200.0],[195699.0],[0.0],[0.0],[12985.0],[2919000.0],[88200.0],[143360.0],[36400.0],[0.0],[0.0],[0.0],[0.0],[0.0],[0.0],[0.0],[0.0],[0.0]
['Butte'],2021-02-27 to 2021-03-05,1,[2057720.0],[256312.0],[361214.0],[102053.0],[0.0],[331464.0],[4028640.0],[0.0],[7711200.0],[215684.0],[287133.0],[742.0],[1249220.0],[0.0],[0.0],[43050.0],[1637524.0],[376600.0],[273910.0],[232400.0],[27076.0],[1400.0],[700.0],[231.0],[0.0],[35.0],[0.0],[0.0],[0.0]
['Merced'],2021-02-27 to 2021-03-05,1,[24859000.0],[858115.0],[1039800.0],[101052.0],[42.0],[2409050.0],[373964.0],[21000.0],[17568400.0],[1317192.0],[231042.0],[2044.0],[2096332.0],[0.0],[0.0],[2772.0],[5628080.0],[246960.0],[1132640.0],[443100.0],[82705.0],[0.0],[3430.0],[406.0],[0.0],[56.0],[0.0],[14.0],[0.0]
['Glenn'],2021-02-27 to 2021-03-05,1,[777000.0],[32256.0],[91000.0],[70.0],[0.0],[19950.0],[0.0],[0.0],[1815800.0],[25900.0],[24472.0],[1785.0],[147679.0],[0.0],[0.0],[19600.0],[1743000.0],[0.0],[117880.0],[1750.0],[700.0],[0.0],[0.0],[0.0],[0.0],[0.0],[0.0],[0.0],[0.0]
['Plumas'],2021-02-27 to 2021-03-05,1,[308000.0],[19600.0],[70000.0],[16422.0],[0.0],[18200.0],[37800.0],[0.0],[687400.0],[30912.0],[25116.0],[1414.0],[121800.0],[0.0],[2814.0],[19600.0],[94920.0],[0.0],[40320.0],[0.0],[5600.0],[0.0],[0.0],[0.0],[0.0],[168.0],[0.0],[133.0],[0.0]
['Sierra'],2021-02-27 to 2021-03-05,1,[116060.0],[5600.0],[10500.0],[7000.0],[0.0],[12040.0],[33600.0],[0.0],[81900.0],[3500.0],[15974.0],[182.0],[21028.0],[10500.0],[0.0],[45500.0],[28280.0],[0.0],[8960.0],[5600.0],[0.0],[0.0],[0.0],[0.0],[0.0],[0.0],[0.0],[21.0],[0.0]
['Alpine'],2021-02-27 to 2021-03-05,1,[48160.0],[5600.0],[0.0],[252.0],[0.0],[350.0],[0.0],[0.0],[57400.0],[4900.0],[7294.0],[0.0],[1652.0],[0.0],[700.0],[0.0],[4760.0],[8820.0],[24920.0],[700.0],[0.0],[0.0],[0.0],[0.0],[0.0],[0.0],[0.0],[0.0],[0.0]
['Los Angeles'],2021-03-06 to 2021-03-12,2,[413612000.0],[7616182.0],[11036550.0],[3726730.0],[170800.0],[88496192.0],[29380472.0],[359100.0],[456767050.0],[28653702.0],[13720789.0],[274316.0],[42448700.0],[0.0],[160804.0],[4503447.0],[284141620.0],[1420720.0],[6432960.0],[385000.0],[511800.0],[0.0],[33740.0],[24912.0],[1834.0],[7392.0],[0.0],[266.0],[0.0]
['Solano'],2021-03-06 to 2021-03-12,2,[18425520.0],[411978.0],[693700.0],[100457.0],[0.0],[678496.0],[40320.0],[5250.0],[10467100.0],[803138.0],[244636.0],[3052.0],[1451800.0],[97300.0],[33250.0],[19785.0],[3861340.0],[13020.0],[878080.0],[0.0],[70700.0],[45500.0],[0.0],[126.0],[0.0],[0.0],[0.0],[35.0],[0.0]
['Fresno'],2021-03-06 to 2021-03-12,2,[34865040.0],[801500.0],[1052800.0],[491519.0],[0.0],[1321810.0],[1820000.0],[241150.0],[60753000.0],[2132200.0],[2385803.0],[12943.0],[12068000.0],[0.0],[8960.0],[57351.0],[12613440.0],[897540.0],[870940.0],[10500.0],[79800.0],[0.0],[0.0],[2541.0],[0.0],[28.0],[0.0],[861.0],[0.0]
['Mendocino'],2021-03-06 to 2021-03-12,2,[3925000.0],[122241.0],[207200.0],[80150.0],[224000.0],[507710.0],[266560.0],[0.0],[5032500.0],[290100.0],[178522.0],[448.0],[722022.0],[24612.0],[5040.0],[83400.0],[1509520.0],[14000.0],[371840.0],[68152.0],[21000.0],[0.0],[0.0],[84.0],[301.0],[21.0],[0.0],[0.0],[0.0]
['Trinity'],2021-03-06 to 2021-03-12,2,[1750000.0],[20650.0],[35707.0],[18200.0],[0.0],[89978.0],[25200.0],[0.0],[579560.0],[41160.0],[13972.0],[595.0],[72720.0],[7000.0],[126.0],[19600.0],[226604.0],[8820.0],[94080.0],[17500.0],[0.0],[0.0],[0.0],[56.0],[0.0],[0.0],[0.0],[0.0],[0.0]
['Nevada'],2021-03-06 to 2021-03-12,2,[2945600.0],[83139.0],[120400.0],[22988.0],[0.0],[228284.0],[12600.0],[0.0],[1057000.0],[67900.0],[59150.0],[700.0],[154616.0],[0.0],[2800.0],[69300.0],[1020040.0],[95200.0],[44240.0],[4550.0],[7700.0],[0.0],[0.0],[84.0],[0.0],[0.0],[0.0],[28.0],[0.0]
['Inyo'],2021-03-06 to 2021-03-12,2,[4201960.0],[18158.0],[126700.0],[5488.0],[756.0],[35924.0],[660800.0],[28000.0],[3680300.0],[194192.0],[113628.0],[100800.0],[942760.0],[52500.0],[10087.0],[39893.0],[664240.0],[66920.0],[72870.0],[9100.0],[2100.0],[0.0],[1050.0],[21.0],[364.0],[280.0],[0.0],[35.0],[0.0]
['Yolo'],2021-03-06 to 2021-03-12,2,[7867160.0],[88256.0],[147000.0],[85925.0],[0.0],[552846.0],[530880.0],[42000.0],[5705000.0],[326060.0],[308735.0],[959.0],[2756740.0],[7056.0],[28063.0],[0.0],[1776600.0],[334040.0],[340480.0],[21000.0],[16800.0],[0.0],[0.0],[238.0],[0.0],[0.0],[0.0],[0.0],[0.0]
['Santa Cruz'],2021-03-06 to 2021-03-12,2,[20877080.0],[363090.0],[463400.0],[29995.0],[5600.0],[2671200.0],[266000.0],[476000.0],[16142000.0],[746844.0],[801220.0],[497.0],[1610672.0],[71652.0],[37800.0],[28446.0],[8183175.0],[85820.0],[526080.0],[164500.0],[34720.0],[0.0],[0.0],[1288.0],[0.0],[0.0],[0.0],[0.0],[0.0]
['Imperial'],2021-03-06 to 2021-03-12,2,[13705580.0],[324324.0],[406000.0],[467509.0],[0.0],[1758232.0],[632800.0],[0.0],[32578700.0],[972160.0],[1308748.0],[112126.0],[1454600.0],[0.0],[497567.0],[18333.0],[8400980.0],[1165500.0],[383600.0],[152600.0],[43400.0],[0.0],[3500.0],[1309.0],[315.0],[784.0],[0.0],[0.0],[0.0]
['Marin'],2021-03-06 to 2021-03-12,2,[10279000.0],[214648.0],[336000.0],[494186.0],[0.0],[1727690.0],[1064000.0],[140000.0],[6091600.0],[1185028.0],[213240.0],[1076.0],[905240.0],[0.0],[151396.0],[714.0],[4258780.0],[34640.0],[781200.0],[155050.0],[0.0],[0.0],[0.0],[133.0],[0.0],[0.0],[0.0],[28.0],[0.0]
['San Bernardino'],2021-03-06 to 2021-03-12,2,[30481000.0],[319130.0],[511000.0],[60277.0],[0.0],[2438394.0],[20160.0],[5250.0],[48830200.0],[1933832.0],[1012612.0],[31206.0],[11134508.0],[0.0],[49875.0],[58900.0],[8871898.0],[235900.0],[735490.0],[140000.0],[33040.0],[0.0],[8050.0],[5929.0],[0.0],[2100.0],[0.0],[140.0],[0.0]
['Kern'],2021-03-06 to 2021-03-12,2,[11333000.0],[832636.0],[876050.0],[137256.0],[0.0],[4653360.0],[131040.0],[0.0],[34770400.0],[3710448.0],[7176491.0],[17969.0],[9310000.0],[0.0],[0.0],[9863.0],[10986125.0],[379680.0],[714000.0],[0.0],[1400.0],[0.0],[0.0],[2989.0],[0.0],[42.0],[0.0],[0.0],[0.0]
['Orange'],2021-03-06 to 2021-03-12,2,[85475880.0],[3526320.0],[3703000.0],[2594550.0],[7056.0],[8520118.0],[3576640.0],[282100.0],[107787720.0],[6589968.0],[3587007.0],[49336.0],[14246120.0],[0.0],[14700.0],[2600122.0],[47721498.0],[1066660.0],[7372710.0],[1400.0],[1796540.0],[0.0],[14140.0],[2226.0],[16100.0],[756.0],[0.0],[364.0],[0.0]
['Sutter'],2021-03-06 to 2021-03-12,2,[623000.0],[47824.0],[68600.0],[68264.0],[0.0],[69440.0],[8400.0],[0.0],[1740200.0],[133000.0],[47369.0],[35.0],[428960.0],[0.0],[0.0],[0.0],[936880.0],[0.0],[120080.0],[33600.0],[700.0],[0.0],[0.0],[7.0],[0.0],[0.0],[0.0],[0.0],[0.0]
['Tulare'],2021-03-06 to 2021-03-12,2,[30372720.0],[504049.0],[1169700.0],[155946.0],[14.0],[1814414.0],[505120.0],[99050.0],[20031900.0],[1694322.0],[624694.0],[7252.0],[2699620.0],[0.0],[93975.0],[44989.0],[7047922.0],[350000.0],[604800.0],[534800.0],[44380.0],[0.0],[4970.0],[1169.0],[4200.0],[196.0],[0.0],[0.0],[0.0]
['Siskiyou'],2021-03-06 to 2021-03-12,2,[1431000.0],[44142.0],[197407.0],[350.0],[0.0],[106484.0],[7000.0],[0.0],[4319000.0],[35224.0],[60732.0],[2905.0],[385553.0],[0.0],[0.0],[67550.0],[861000.0],[70000.0],[226520.0],[73500.0],[0.0],[0.0],[0.0],[35.0],[0.0],[0.0],[0.0],[98.0],[0.0]
['Alameda'],2021-03-06 to 2021-03-12,2,[59021200.0],[2083298.0],[3078600.0],[1377866.0],[0.0],[2113608.0],[5705560.0],[28000.0],[108985100.0],[2215808.0],[2702406.0],[15547.0],[14670460.0],[305200.0],[61474.0],[368921.0],[18462920.0],[447440.0],[1339800.0],[120400.0],[98000.0],[0.0],[0.0],[469.0],[0.0],[70.0],[0.0],[1295.0],[0.0]
['Stanislaus'],2021-03-06 to 2021-03-12,2,[26494000.0],[1034908.0],[1178800.0],[26460.0],[1753612.0],[10027100.0],[39816.0],[126000.0],[16020000.0],[764652.0],[1189825.0],[108199.0],[3633700.0],[81200.0],[159978.0],[29547.0],[10379068.0],[257040.0],[1150240.0],[394800.0],[95200.0],[0.0],[700.0],[770.0],[0.0],[1470.0],[0.0],[7.0],[0.0]
['Lake'],2021-03-06 to 2021-03-12,2,[8427720.0],[116228.0],[154700.0],[350.0],[0.0],[211302.0],[493080.0],[2800.0],[5688760.0],[147000.0],[75656.0],[91.0],[345037.0],[0.0],[0.0],[350.0],[713300.0],[79380.0],[143080.0],[0.0],[14000.0],[0.0],[0.0],[35.0],[0.0],[0.0],[0.0],[0.0],[0.0]
['Del Norte'],2021-03-06 to 2021-03-12,2,[8180900.0],[355005.0],[358400.0],[211246.0],[42.0],[612102.0],[852192.0],[28000.0],[10056400.0],[94300.0],[198220.0],[0.0],[414484.0],[0.0],[10500.0],[5000.0],[1705810.0],[190820.0],[149675.0],[322350.0],[8400.0],[0.0],[0.0],[42.0],[0.0],[0.0],[0.0],[0.0],[0.0]
['San Mateo'],2021-03-06 to 2021-03-12,2,[16543800.0],[1349789.0],[1771350.0],[488782.0],[7056.0],[8202040.0],[19889520.0],[126000.0],[21067200.0],[976080.0],[477176.0],[5327.0],[2232272.0],[211400.0],[0.0],[163520.0],[3133200.0],[274750.0],[1651020.0],[285600.0],[66500.0],[0.0],[0.0],[329.0],[0.0],[91.0],[0.0],[301.0],[0.0]
['Tehama'],2021-03-06 to 2021-03-12,2,[1060360.0],[700.0],[24500.0],[54866.0],[0.0],[33600.0],[58240.0],[0.0],[3026800.0],[67200.0],[48356.0],[3472.0],[251125.0],[0.0],[0.0],[19600.0],[412440.0],[0.0],[222600.0],[12600.0],[1400.0],[0.0],[0.0],[84.0],[0.0],[0.0],[0.0],[0.0],[0.0]
['San Francisco'],2021-03-06 to 2021-03-12,2,[34672120.0],[1786848.0],[2405935.0],[149583.0],[6720.0],[422202.0],[1102480.0],[0.0],[41042300.0],[2189620.0],[632354.0],[9191.0],[3137869.0],[317800.0],[18060.0],[73584.0],[16521660.0],[747880.0],[1639120.0],[79450.0],[86020.0],[0.0],[0.0],[728.0],[0.0],[0.0],[0.0],[0.0],[0.0]
['San Joaquin'],2021-03-06 to 2021-03-12,2,[38819760.0],[417228.0],[806435.0],[1205715.0],[700000.0],[4457124.0],[4924280.0],[576100.0],[28717290.0],[3418072.0],[952070.0],[6930.0],[4025952.0],[0.0],[310975.0],[71414.0],[12156398.0],[1248520.0],[1178660.0],[361200.0],[375900.0],[0.0],[0.0],[2198.0],[0.0],[343.0],[0.0],[105.0],[0.0]
['Santa Barbara'],2021-03-06 to 2021-03-12,2,[18117120.0],[880915.0],[1267000.0],[20349.0],[0.0],[1091552.0],[722736.0],[0.0],[19789000.0],[508200.0],[1104516.0],[5789.0],[3093580.0],[0.0],[29134.0],[21350.0],[14194880.0],[327880.0],[434000.0],[336000.0],[96600.0],[0.0],[0.0],[343.0],[168.0],[0.0],[0.0],[126.0],[0.0]
['Sacramento'],2021-03-06 to 2021-03-12,2,[205322700.0],[2625826.0],[5249000.0],[8885334.0],[396354.0],[17805340.0],[80467520.0],[520100.0],[95852950.0],[13926224.0],[7265927.0],[18109.0],[9715860.0],[37800.0],[166810.0],[5446833.0],[48219685.0],[12314400.0],[2534990.0],[824600.0],[1250200.0],[0.0],[1820.0],[672.0],[0.0],[0.0],[0.0],[28.0],[0.0]
['Madera'],2021-03-06 to 2021-03-12,2,[1118000.0],[210812.0],[385000.0],[638012.0],[0.0],[427000.0],[189600.0],[140000.0],[4376400.0],[640836.0],[813032.0],[581.0],[1316000.0],[0.0],[0.0],[40812.0],[3461400.0],[97860.0],[405440.0],[84000.0],[7350.0],[0.0],[0.0],[497.0],[0.0],[161.0],[0.0],[14.0],[0.0]
['Yuba'],2021-03-06 to 2021-03-12,2,[9233000.0],[80220.0],[224014.0],[145194.0],[0.0],[612556.0],[0.0],[0.0],[5236000.0],[74200.0],[243138.0],[602.0],[496104.0],[0.0],[476.0],[140728.0],[381360.0],[0.0],[134400.0],[35000.0],[0.0],[0.0],[0.0],[630.0],[252.0],[28.0],[0.0],[0.0],[210.0]
['Santa Clara'],2021-03-06 to 2021-03-12,2,[57292200.0],[4494966.0],[4540200.0],[2376171.0],[168000.0],[3649030.0],[1990240.0],[1757000.0],[66561250.0],[13809628.0],[1585199.0],[96243.0],[10378340.0],[70000.0],[446264.0],[1736420.0],[56782327.0],[84560.0],[3498320.0],[2940000.0],[36400.0],[0.0],[0.0],[714.0],[0.0],[0.0],[0.0],[399.0],[0.0]
['Humboldt'],2021-03-06 to 2021-03-12,2,[10865960.0],[621292.0],[764400.0],[792631.0],[0.0],[1154650.0],[131040.0],[5250.0],[14144200.0],[310786.0],[276892.0],[0.0],[708533.0],[0.0],[0.0],[269528.0],[1952720.0],[134960.0],[326480.0],[441700.0],[13300.0],[0.0],[0.0],[0.0],[1456.0],[35.0],[0.0],[28.0],[0.0]
['San Diego'],2021-03-06 to 2021-03-12,2,[137551736.0],[1899520.0],[3136000.0],[2090935.0],[177282.0],[27648628.0],[5363288.0],[700000.0],[128867200.0],[5416656.0],[3399067.0],[49266.0],[14536256.0],[141400.0],[77364.0],[1492862.0],[20604892.0],[35280.0],[3412640.0],[470400.0],[823200.0],[0.0],[10570.0],[3507.0],[504.0],[1260.0],[0.0],[371.0],[0.0]
['San Benito'],2021-03-06 to 2021-03-12,2,[3339000.0],[269276.0],[630000.0],[3962.0],[0.0],[897820.0],[4861920.0],[14000.0],[2446500.0],[47600.0],[27440.0],[56.0],[222180.0],[7000.0],[1925.0],[48300.0],[1915270.0],[98280.0],[106400.0],[89600.0],[0.0],[0.0],[1820.0],[70.0],[0.0],[70.0],[0.0],[14.0],[0.0]
['Kings'],2021-03-06 to 2021-03-12,2,[3226720.0],[172480.0],[204421.0],[329924.0],[0.0],[706174.0],[161840.0],[7000.0],[5478200.0],[234192.0],[567798.0],[5012.0],[2703120.0],[0.0],[0.0],[70.0],[4675720.0],[87640.0],[135520.0],[179200.0],[385.0],[0.0],[0.0],[210.0],[0.0],[42.0],[0.0],[0.0],[0.0]
['Mariposa'],2021-03-06 to 2021-03-12,2,[1064000.0],[33712.0],[49000.0],[14700.0],[0.0],[11592.0],[29400.0],[7000.0],[952700.0],[29540.0],[97412.0],[100800.0],[67200.0],[0.0],[0.0],[0.0],[171360.0],[0.0],[76160.0],[0.0],[0.0],[0.0],[0.0],[0.0],[0.0],[0.0],[0.0],[0.0],[0.0]
['Riverside'],2021-03-06 to 2021-03-12,2,[78174180.0],[1019298.0],[756000.0],[275331.0],[1680.0],[8269800.0],[1344000.0],[10500.0],[117301100.0],[2165016.0],[2834265.0],[42322.0],[10111500.0],[2443000.0],[56350.0],[224924.0],[20072647.0],[977200.0],[1172780.0],[735000.0],[196000.0],[0.0],[14000.0],[4704.0],[1281.0],[2380.0],[0.0],[147.0],[0.0]
['San Luis Obispo'],2021-03-06 to 2021-03-12,2,[8082400.0],[29400.0],[189021.0],[12019.0],[0.0],[193270.0],[924840.0],[182000.0],[10854200.0],[353360.0],[317128.0],[574.0],[1543500.0],[36400.0],[3150.0],[120834.0],[2898420.0],[175280.0],[224000.0],[0.0],[46900.0],[0.0],[0.0],[21.0],[0.0],[0.0],[0.0],[0.0],[0.0]
['Modoc'],2021-03-06 to 2021-03-12,2,[406000.0],[53998.0],[71400.0],[143108.0],[0.0],[91700.0],[13440.0],[0.0],[1401400.0],[37100.0],[30128.0],[252.0],[68313.0],[0.0],[0.0],[19600.0],[122920.0],[8820.0],[62720.0],[1750.0],[0.0],[0.0],[0.0],[63.0],[0.0],[14.0],[0.0],[0.0],[0.0]
['Calaveras'],2021-03-06 to 2021-03-12,2,[634200.0],[56000.0],[77007.0],[106400.0],[0.0],[99050.0],[200200.0],[0.0],[280000.0],[56910.0],[55076.0],[70.0],[213493.0],[35000.0],[0.0],[700.0],[277144.0],[36680.0],[44800.0],[33950.0],[4900.0],[0.0],[0.0],[0.0],[0.0],[0.0],[0.0],[0.0],[0.0]
['Monterey'],2021-03-06 to 2021-03-12,2,[26390000.0],[767053.0],[1001000.0],[199353.0],[0.0],[1942990.0],[5483580.0],[102200.0],[24358936.0],[913080.0],[1255179.0],[2345.0],[1850296.0],[0.0],[58513.0],[29281.0],[12552540.0],[690060.0],[590520.0],[238000.0],[88200.0],[0.0],[700.0],[273.0],[0.0],[0.0],[0.0],[364.0],[0.0]
['Tuolumne'],2021-03-06 to 2021-03-12,2,[3570000.0],[42000.0],[154000.0],[28.0],[0.0],[339360.0],[20160.0],[0.0],[13595400.0],[209160.0],[99085.0],[2212.0],[191919.0],[0.0],[350.0],[7014.0],[1323784.0],[114660.0],[109830.0],[28000.0],[3500.0],[0.0],[0.0],[119.0],[0.0],[0.0],[0.0],[0.0],[0.0]
['Napa'],2021-03-06 to 2021-03-12,2,[27834800.0],[81592.0],[126000.0],[153363.0],[0.0],[663880.0],[77000.0],[0.0],[5713400.0],[255976.0],[1303890.0],[378.0],[1401533.0],[0.0],[0.0],[364.0],[2108428.0],[116060.0],[85120.0],[152600.0],[23800.0],[0.0],[0.0],[91.0],[0.0],[105.0],[0.0],[0.0],[0.0]
['Ventura'],2021-03-06 to 2021-03-12,2,[21118300.0],[874328.0],[1582000.0],[68292.0],[0.0],[3507350.0],[1513120.0],[0.0],[69882750.0],[2677500.0],[600425.0],[5635.0],[4015564.0],[0.0],[35280.0],[318920.0],[15927240.0],[371140.0],[201600.0],[797650.0],[49700.0],[0.0],[0.0],[455.0],[336.0],[350.0],[0.0],[595.0],[0.0]
['El Dorado'],2021-03-06 to 2021-03-12,2,[9203000.0],[26600.0],[49000.0],[127012.0],[0.0],[206220.0],[401280.0],[14000.0],[3544300.0],[130696.0],[106156.0],[0.0],[836500.0],[0.0],[1750.0],[77350.0],[306180.0],[88760.0],[300160.0],[102900.0],[20300.0],[0.0],[0.0],[168.0],[0.0],[0.0],[0.0],[0.0],[0.0]
['Placer'],2021-03-06 to 2021-03-12,2,[13817000.0],[1083824.0],[1281000.0],[11882.0],[0.0],[2704950.0],[1346800.0],[350000.0],[25749600.0],[827400.0],[685440.0],[101983.0],[2423120.0],[0.0],[15260.0],[0.0],[3726184.0],[1460620.0],[707840.0],[660800.0],[3658600.0],[0.0],[0.0],[77.0],[0.0],[0.0],[0.0],[98.0],[0.0]
['Contra Costa'],2021-03-06 to 2021-03-12,2,[28627900.0],[2875817.0],[2984100.0],[736099.0],[3570.0],[8846222.0],[29580040.0],[14000.0],[20207600.0],[1233736.0],[1659644.0],[3248.0],[3866212.0],[0.0],[26600.0],[221088.0],[17500630.0],[1294020.0],[1560370.0],[448700.0],[50400.0],[0.0],[0.0],[588.0],[0.0],[175.0],[0.0],[0.0],[0.0]
['Colusa'],2021-03-06 to 2021-03-12,2,[9688000.0],[36624.0],[35000.0],[70007.0],[0.0],[11592.0],[43680.0],[0.0],[9548000.0],[98448.0],[151403.0],[0.0],[342965.0],[0.0],[0.0],[19600.0],[497420.0],[0.0],[66220.0],[350.0],[11200.0],[0.0],[0.0],[14.0],[0.0],[0.0],[0.0],[0.0],[0.0]
['Sonoma'],2021-03-06 to 2021-03-12,2,[5986400.0],[1142519.0],[1547000.0],[1204196.0],[0.0],[740320.0],[434896.0],[0.0],[16956100.0],[812000.0],[395598.0],[1981.0],[3396120.0],[0.0],[106330.0],[113491.0],[6258700.0],[222180.0],[1184960.0],[890400.0],[76300.0],[0.0],[0.0],[1827.0],[0.0],[0.0],[0.0],[70.0],[0.0]
['Amador'],2021-03-06 to 2021-03-12,2,[939000.0],[33712.0],[98007.0],[10605.0],[210.0],[188300.0],[3840.0],[0.0],[1464000.0],[120176.0],[54480.0],[1435.0],[198744.0],[0.0],[7000.0],[50000.0],[1382960.0],[44100.0],[40901.0],[7000.0],[70000.0],[0.0],[0.0],[35.0],[0.0],[0.0],[0.0],[0.0],[0.0]
['Mono'],2021-03-06 to 2021-03-12,2,[1627500.0],[52250.0],[150007.0],[70700.0],[84.0],[65058.0],[60200.0],[33250.0],[970200.0],[43876.0],[85022.0],[0.0],[72100.0],[0.0],[378.0],[0.0],[395500.0],[42280.0],[98000.0],[0.0],[10500.0],[0.0],[0.0],[0.0],[0.0],[0.0],[0.0],[0.0],[0.0]
['Shasta'],2021-03-06 to 2021-03-12,2,[1253000.0],[178416.0],[233100.0],[48524.0],[0.0],[143304.0],[73920.0],[0.0],[5053300.0],[155232.0],[196350.0],[231.0],[801444.0],[0.0],[0.0],[392.0],[480004.0],[0.0],[658560.0],[114800.0],[10500.0],[0.0],[0.0],[175.0],[0.0],[0.0],[0.0],[245.0],[0.0]
['Lassen'],2021-03-06 to 2021-03-12,2,[420000.0],[35280.0],[35035.0],[0.0],[0.0],[55370.0],[289600.0],[0.0],[3356000.0],[30184.0],[62700.0],[102200.0],[195699.0],[0.0],[0.0],[22985.0],[2919000.0],[88200.0],[151040.0],[36400.0],[0.0],[0.0],[0.0],[0.0],[0.0],[0.0],[0.0],[0.0],[0.0]
['Butte'],2021-03-06 to 2021-03-12,2,[2057720.0],[256312.0],[361214.0],[102053.0],[0.0],[331464.0],[4028640.0],[0.0],[7711200.0],[215684.0],[287133.0],[742.0],[1249220.0],[0.0],[0.0],[43050.0],[1637524.0],[376600.0],[273910.0],[232400.0],[27076.0],[1400.0],[700.0],[231.0],[0.0],[35.0],[0.0],[0.0],[0.0]
['Merced'],2021-03-06 to 2021-03-12,2,[25715000.0],[872515.0],[1066800.0],[101052.0],[42.0],[2467850.0],[423164.0],[21000.0],[17536400.0],[1350792.0],[231142.0],[2044.0],[2023636.0],[0.0],[0.0],[2772.0],[6110000.0],[246960.0],[1276000.0],[443100.0],[82705.0],[0.0],[3430.0],[406.0],[0.0],[56.0],[0.0],[14.0],[0.0]
['Glenn'],2021-03-06 to 2021-03-12,2,[777000.0],[32256.0],[91000.0],[70.0],[0.0],[19950.0],[0.0],[0.0],[1815800.0],[25900.0],[24472.0],[1785.0],[147679.0],[0.0],[0.0],[19600.0],[1743000.0],[0.0],[117880.0],[1750.0],[700.0],[0.0],[0.0],[0.0],[0.0],[0.0],[0.0],[0.0],[0.0]
['Plumas'],2021-03-06 to 2021-03-12,2,[308000.0],[19600.0],[70000.0],[16426.0],[0.0],[18200.0],[37800.0],[0.0],[697400.0],[31912.0],[25236.0],[1414.0],[121800.0],[0.0],[2814.0],[19600.0],[94920.0],[0.0],[40320.0],[0.0],[5600.0],[0.0],[0.0],[0.0],[0.0],[168.0],[0.0],[133.0],[0.0]
['Sierra'],2021-03-06 to 2021-03-12,2,[116060.0],[5600.0],[10500.0],[7000.0],[0.0],[12040.0],[33600.0],[0.0],[81900.0],[3500.0],[15974.0],[182.0],[21028.0],[10500.0],[0.0],[45500.0],[28280.0],[0.0],[8960.0],[5600.0],[0.0],[0.0],[0.0],[0.0],[0.0],[0.0],[0.0],[21.0],[0.0]
['Alpine'],2021-03-06 to 2021-03-12,2,[48160.0],[5600.0],[0.0],[252.0],[0.0],[350.0],[0.0],[0.0],[57400.0],[4900.0],[7294.0],[0.0],[1652.0],[0.0],[700.0],[0.0],[4760.0],[8820.0],[24920.0],[700.0],[0.0],[0.0],[0.0],[0.0],[0.0],[0.0],[0.0],[0.0],[0.0]
['Los Angeles'],2021-03-13 to 2021-03-19,3,[414519000.0],[7616182.0],[11036550.0],[4507930.0],[170800.0],[88514692.0],[30216632.0],[359100.0],[456975050.0],[28683402.0],[13735543.0],[274316.0],[42448700.0],[0.0],[160804.0],[4768463.0],[284338420.0],[1420720.0],[6607040.0],[385000.0],[531000.0],[0.0],[33740.0],[25053.0],[1834.0],[7392.0],[0.0],[266.0],[0.0]
['Solano'],2021-03-13 to 2021-03-19,3,[18965520.0],[411978.0],[693700.0],[100457.0],[0.0],[678496.0],[40320.0],[5250.0],[10467100.0],[803138.0],[244636.0],[3052.0],[1451800.0],[97300.0],[33250.0],[22785.0],[3861340.0],[13020.0],[878080.0],[0.0],[70700.0],[45500.0],[0.0],[126.0],[0.0],[0.0],[0.0],[35.0],[0.0]
['Fresno'],2021-03-13 to 2021-03-19,3,[34867040.0],[801500.0],[1052800.0],[491519.0],[0.0],[1321810.0],[1837840.0],[241150.0],[60779000.0],[2139200.0],[2386447.0],[12943.0],[12068000.0],[0.0],[8960.0],[59351.0],[12629760.0],[897540.0],[870940.0],[10500.0],[86800.0],[0.0],[0.0],[2567.0],[0.0],[28.0],[0.0],[861.0],[0.0]
['Mendocino'],2021-03-13 to 2021-03-19,3,[3927000.0],[122241.0],[207200.0],[80150.0],[224000.0],[507710.0],[746560.0],[0.0],[5044500.0],[290500.0],[178570.0],[448.0],[722022.0],[24612.0],[5040.0],[85408.0],[1592080.0],[14000.0],[387200.0],[68152.0],[21000.0],[0.0],[0.0],[84.0],[301.0],[21.0],[0.0],[0.0],[0.0]
['Trinity'],2021-03-13 to 2021-03-19,3,[1750000.0],[20650.0],[35707.0],[18200.0],[0.0],[89978.0],[25200.0],[0.0],[567560.0],[41160.0],[13972.0],[595.0],[63000.0],[7000.0],[126.0],[19600.0],[226604.0],[8820.0],[94080.0],[17500.0],[0.0],[0.0],[0.0],[56.0],[0.0],[0.0],[0.0],[0.0],[0.0]
['Nevada'],2021-03-13 to 2021-03-19,3,[2945600.0],[83139.0],[120400.0],[22988.0],[0.0],[228284.0],[12600.0],[0.0],[1057000.0],[67900.0],[59150.0],[772.0],[154616.0],[0.0],[2800.0],[69300.0],[1020040.0],[95200.0],[44240.0],[4550.0],[7700.0],[0.0],[0.0],[84.0],[0.0],[0.0],[0.0],[28.0],[0.0]
['Inyo'],2021-03-13 to 2021-03-19,3,[4201960.0],[18158.0],[126700.0],[5488.0],[756.0],[35924.0],[660800.0],[28000.0],[3688300.0],[194992.0],[113820.0],[100800.0],[942760.0],[52500.0],[10087.0],[39893.0],[668080.0],[66920.0],[72870.0],[9100.0],[2100.0],[0.0],[1050.0],[21.0],[364.0],[280.0],[0.0],[35.0],[0.0]
['Yolo'],2021-03-13 to 2021-03-19,3,[7867160.0],[88256.0],[147000.0],[85925.0],[0.0],[552846.0],[530880.0],[42000.0],[5745000.0],[326060.0],[308735.0],[983.0],[2756740.0],[7056.0],[28063.0],[0.0],[1776600.0],[334040.0],[340480.0],[21000.0],[16800.0],[0.0],[0.0],[238.0],[0.0],[0.0],[0.0],[0.0],[0.0]
['Santa Cruz'],2021-03-13 to 2021-03-19,3,[20877080.0],[363090.0],[463400.0],[29995.0],[5600.0],[2671200.0],[266000.0],[476000.0],[16142000.0],[746844.0],[801220.0],[833.0],[1610672.0],[71652.0],[37800.0],[61446.0],[8183175.0],[85820.0],[567040.0],[164500.0],[34720.0],[0.0],[0.0],[1288.0],[0.0],[0.0],[0.0],[0.0],[0.0]
['Imperial'],2021-03-13 to 2021-03-19,3,[13705580.0],[324324.0],[406000.0],[467509.0],[0.0],[1758232.0],[632800.0],[0.0],[32978700.0],[972160.0],[1308748.0],[112126.0],[1454600.0],[0.0],[497567.0],[18333.0],[8400980.0],[1165500.0],[383600.0],[152600.0],[43400.0],[0.0],[3500.0],[1309.0],[315.0],[784.0],[0.0],[0.0],[0.0]
['Marin'],2021-03-13 to 2021-03-19,3,[10412000.0],[214648.0],[336000.0],[494186.0],[0.0],[1731290.0],[1064000.0],[140000.0],[6092800.0],[1186228.0],[214040.0],[1148.0],[905240.0],[0.0],[151396.0],[714.0],[4264380.0],[38640.0],[782000.0],[155050.0],[0.0],[0.0],[0.0],[133.0],[0.0],[0.0],[0.0],[28.0],[0.0]
['San Bernardino'],2021-03-13 to 2021-03-19,3,[30513000.0],[319130.0],[511000.0],[60277.0],[0.0],[2438394.0],[20160.0],[5250.0],[48878200.0],[1934632.0],[1013572.0],[31206.0],[11134508.0],[0.0],[49875.0],[102900.0],[8871898.0],[235900.0],[735490.0],[140000.0],[33040.0],[0.0],[8050.0],[5962.0],[0.0],[2100.0],[0.0],[140.0],[0.0]
['Kern'],2021-03-13 to 2021-03-19,3,[11333000.0],[832636.0],[876050.0],[137256.0],[0.0],[4682160.0],[131040.0],[0.0],[34770400.0],[3710448.0],[7176491.0],[19985.0],[9310000.0],[0.0],[0.0],[9863.0],[11262605.0],[440160.0],[714000.0],[0.0],[1400.0],[0.0],[0.0],[2989.0],[0.0],[42.0],[0.0],[0.0],[0.0]
['Orange'],2021-03-13 to 2021-03-19,3,[85475880.0],[3526320.0],[3703000.0],[2601406.0],[7056.0],[8525118.0],[3599680.0],[282100.0],[107827720.0],[6593468.0],[3594087.0],[49336.0],[14246120.0],[0.0],[14700.0],[2754522.0],[47749338.0],[1066660.0],[8179110.0],[1400.0],[1797740.0],[0.0],[14140.0],[2230.0],[16100.0],[756.0],[0.0],[364.0],[0.0]
['Sutter'],2021-03-13 to 2021-03-19,3,[623000.0],[47824.0],[68600.0],[68264.0],[0.0],[69440.0],[8400.0],[0.0],[1740200.0],[133000.0],[47369.0],[35.0],[428960.0],[0.0],[0.0],[0.0],[936880.0],[0.0],[122640.0],[33600.0],[700.0],[0.0],[0.0],[7.0],[0.0],[0.0],[0.0],[0.0],[0.0]
['Tulare'],2021-03-13 to 2021-03-19,3,[30372720.0],[504049.0],[1169700.0],[155946.0],[14.0],[1814414.0],[505120.0],[99050.0],[20031900.0],[1694322.0],[624694.0],[7252.0],[2699620.0],[0.0],[93975.0],[44989.0],[7047922.0],[350000.0],[604800.0],[534800.0],[44380.0],[0.0],[4970.0],[1169.0],[4200.0],[196.0],[0.0],[0.0],[0.0]
['Siskiyou'],2021-03-13 to 2021-03-19,3,[1491000.0],[44142.0],[197407.0],[350.0],[0.0],[106484.0],[7000.0],[0.0],[4319000.0],[35224.0],[60732.0],[2905.0],[385553.0],[0.0],[0.0],[67550.0],[861000.0],[70000.0],[226520.0],[73500.0],[0.0],[0.0],[0.0],[35.0],[0.0],[0.0],[0.0],[98.0],[0.0]
['Alameda'],2021-03-13 to 2021-03-19,3,[60435200.0],[2083298.0],[3078600.0],[4065866.0],[0.0],[2116408.0],[5705560.0],[28000.0],[108993100.0],[2217208.0],[2702406.0],[16051.0],[14670460.0],[305200.0],[61474.0],[368921.0],[18523400.0],[447440.0],[1344920.0],[120400.0],[98000.0],[0.0],[0.0],[469.0],[0.0],[70.0],[0.0],[1295.0],[0.0]
['Stanislaus'],2021-03-13 to 2021-03-19,3,[26569560.0],[1034908.0],[1178800.0],[26460.0],[1753612.0],[10029600.0],[39816.0],[126000.0],[16030000.0],[766572.0],[1189825.0],[108199.0],[3633700.0],[81200.0],[159978.0],[29547.0],[10392268.0],[257040.0],[1150240.0],[394800.0],[95200.0],[0.0],[700.0],[780.0],[0.0],[1470.0],[0.0],[7.0],[0.0]
['Lake'],2021-03-13 to 2021-03-19,3,[8427720.0],[116228.0],[154700.0],[350.0],[0.0],[211302.0],[493080.0],[2800.0],[5688760.0],[147000.0],[75656.0],[91.0],[345037.0],[0.0],[0.0],[350.0],[713300.0],[79380.0],[143080.0],[0.0],[14000.0],[0.0],[0.0],[35.0],[0.0],[0.0],[0.0],[0.0],[0.0]
['Del Norte'],2021-03-13 to 2021-03-19,3,[8319900.0],[355005.0],[358400.0],[211246.0],[42.0],[707102.0],[854112.0],[28000.0],[10060400.0],[97300.0],[198268.0],[0.0],[414484.0],[0.0],[10500.0],[7000.0],[1711570.0],[190820.0],[155435.0],[322350.0],[8400.0],[0.0],[0.0],[42.0],[0.0],[0.0],[0.0],[0.0],[0.0]
['San Mateo'],2021-03-13 to 2021-03-19,3,[16543800.0],[1349789.0],[1771350.0],[488782.0],[7056.0],[8202040.0],[19889520.0],[126000.0],[21067200.0],[976080.0],[477176.0],[5327.0],[2232272.0],[211400.0],[0.0],[163520.0],[3133200.0],[274750.0],[1664460.0],[285600.0],[66500.0],[0.0],[0.0],[329.0],[0.0],[91.0],[0.0],[301.0],[0.0]
['Tehama'],2021-03-13 to 2021-03-19,3,[1060360.0],[700.0],[24500.0],[54866.0],[0.0],[33600.0],[58240.0],[0.0],[3026800.0],[67200.0],[48356.0],[3472.0],[251125.0],[0.0],[0.0],[19600.0],[412440.0],[0.0],[222600.0],[12600.0],[1400.0],[0.0],[0.0],[84.0],[0.0],[0.0],[0.0],[0.0],[0.0]
['San Francisco'],2021-03-13 to 2021-03-19,3,[34822120.0],[1786848.0],[2405935.0],[149583.0],[6720.0],[427602.0],[1121680.0],[0.0],[41054300.0],[2191420.0],[632786.0],[9659.0],[3137869.0],[317800.0],[18060.0],[73584.0],[16527420.0],[747880.0],[1639120.0],[79450.0],[87220.0],[0.0],[0.0],[728.0],[0.0],[0.0],[0.0],[0.0],[0.0]
['San Joaquin'],2021-03-13 to 2021-03-19,3,[38819760.0],[417228.0],[806435.0],[1205715.0],[700000.0],[4457124.0],[5124280.0],[576100.0],[28717290.0],[3418072.0],[952070.0],[6930.0],[4025952.0],[0.0],[310975.0],[71414.0],[12261998.0],[1248520.0],[1178660.0],[361200.0],[375900.0],[0.0],[0.0],[2198.0],[0.0],[343.0],[0.0],[105.0],[0.0]
['Santa Barbara'],2021-03-13 to 2021-03-19,3,[18117120.0],[880915.0],[1267000.0],[20349.0],[0.0],[1091552.0],[722736.0],[0.0],[19789000.0],[508200.0],[1104516.0],[5825.0],[3093580.0],[0.0],[29134.0],[21350.0],[14194880.0],[327880.0],[434000.0],[336000.0],[96600.0],[0.0],[0.0],[344.0],[168.0],[0.0],[0.0],[126.0],[0.0]
['Sacramento'],2021-03-13 to 2021-03-19,3,[212114700.0],[2625826.0],[5257000.0],[9051014.0],[396354.0],[17805340.0],[80494400.0],[520100.0],[95884950.0],[13986224.0],[7266007.0],[18109.0],[9715860.0],[37800.0],[166810.0],[12236833.0],[48232645.0],[12314400.0],[2572550.0],[824600.0],[1250200.0],[0.0],[1820.0],[672.0],[0.0],[0.0],[0.0],[29.0],[0.0]
['Madera'],2021-03-13 to 2021-03-19,3,[1120000.0],[210812.0],[385000.0],[740012.0],[0.0],[427000.0],[191520.0],[140000.0],[4376400.0],[640836.0],[813232.0],[581.0],[1316000.0],[0.0],[0.0],[42812.0],[3463320.0],[97860.0],[405440.0],[84000.0],[7350.0],[0.0],[0.0],[497.0],[0.0],[161.0],[0.0],[14.0],[0.0]
['Yuba'],2021-03-13 to 2021-03-19,3,[9233000.0],[80220.0],[224014.0],[145194.0],[0.0],[612556.0],[0.0],[0.0],[5236000.0],[74200.0],[243138.0],[602.0],[496104.0],[0.0],[476.0],[140728.0],[381360.0],[0.0],[134400.0],[35000.0],[0.0],[0.0],[0.0],[958.0],[252.0],[28.0],[0.0],[0.0],[210.0]
['Santa Clara'],2021-03-13 to 2021-03-19,3,[57292200.0],[4494966.0],[4540200.0],[2378691.0],[168000.0],[3649030.0],[1990240.0],[1757000.0],[66561250.0],[13809628.0],[1585199.0],[96651.0],[10378340.0],[70000.0],[446264.0],[1736420.0],[56782327.0],[84560.0],[3518800.0],[2940000.0],[36400.0],[0.0],[0.0],[714.0],[0.0],[0.0],[0.0],[399.0],[0.0]
['Humboldt'],2021-03-13 to 2021-03-19,3,[11250960.0],[621292.0],[764400.0],[792631.0],[0.0],[1154650.0],[131040.0],[5250.0],[14144200.0],[310786.0],[276892.0],[48.0],[708533.0],[0.0],[0.0],[269528.0],[1952720.0],[134960.0],[326480.0],[441700.0],[13300.0],[0.0],[0.0],[0.0],[1456.0],[35.0],[0.0],[28.0],[0.0]
['San Diego'],2021-03-13 to 2021-03-19,3,[137551736.0],[1899520.0],[3136000.0],[2090935.0],[177282.0],[27648628.0],[5364888.0],[700000.0],[128875200.0],[5417056.0],[3399259.0],[49266.0],[14536256.0],[141400.0],[77364.0],[1492862.0],[20608732.0],[35280.0],[3412640.0],[470400.0],[824000.0],[0.0],[10570.0],[3509.0],[504.0],[1260.0],[0.0],[371.0],[0.0]
['San Benito'],2021-03-13 to 2021-03-19,3,[3339000.0],[269276.0],[665000.0],[3962.0],[0.0],[897820.0],[4861920.0],[14000.0],[2446500.0],[47600.0],[27440.0],[80.0],[222180.0],[7000.0],[1925.0],[48300.0],[1915270.0],[98280.0],[106400.0],[105600.0],[0.0],[0.0],[1820.0],[70.0],[0.0],[70.0],[0.0],[14.0],[0.0]
['Kings'],2021-03-13 to 2021-03-19,3,[3226720.0],[172480.0],[204421.0],[329924.0],[0.0],[706174.0],[161840.0],[7000.0],[5478200.0],[234192.0],[567798.0],[5012.0],[2703120.0],[0.0],[0.0],[70.0],[4675720.0],[87640.0],[135520.0],[179200.0],[385.0],[0.0],[0.0],[210.0],[0.0],[42.0],[0.0],[0.0],[0.0]
['Mariposa'],2021-03-13 to 2021-03-19,3,[1064000.0],[33712.0],[49000.0],[14700.0],[0.0],[11592.0],[29400.0],[7000.0],[952700.0],[29540.0],[97412.0],[100800.0],[67200.0],[0.0],[0.0],[0.0],[171360.0],[0.0],[76160.0],[0.0],[0.0],[0.0],[0.0],[0.0],[0.0],[0.0],[0.0],[0.0],[0.0]
['Riverside'],2021-03-13 to 2021-03-19,3,[78174180.0],[1019298.0],[756000.0],[275331.0],[1680.0],[8269800.0],[1344000.0],[10500.0],[117301100.0],[2165016.0],[2834265.0],[42322.0],[10111500.0],[2443000.0],[56350.0],[224924.0],[20072647.0],[977200.0],[1175340.0],[735000.0],[196000.0],[0.0],[14000.0],[4713.0],[1281.0],[2380.0],[0.0],[147.0],[0.0]
['San Luis Obispo'],2021-03-13 to 2021-03-19,3,[8352400.0],[29400.0],[189021.0],[12019.0],[0.0],[193270.0],[924840.0],[182000.0],[10854200.0],[354160.0],[317128.0],[574.0],[1543500.0],[36400.0],[3150.0],[120834.0],[2898420.0],[175280.0],[224000.0],[0.0],[46900.0],[0.0],[0.0],[21.0],[0.0],[0.0],[0.0],[0.0],[0.0]
['Modoc'],2021-03-13 to 2021-03-19,3,[406000.0],[53998.0],[71400.0],[143108.0],[0.0],[91700.0],[13440.0],[0.0],[1401400.0],[37100.0],[30128.0],[252.0],[68313.0],[0.0],[0.0],[19600.0],[122920.0],[8820.0],[62720.0],[1750.0],[0.0],[0.0],[0.0],[63.0],[0.0],[14.0],[0.0],[0.0],[0.0]
['Calaveras'],2021-03-13 to 2021-03-19,3,[634200.0],[56000.0],[77007.0],[106400.0],[0.0],[99050.0],[200200.0],[0.0],[280000.0],[56910.0],[55076.0],[70.0],[213493.0],[35000.0],[0.0],[700.0],[277144.0],[36680.0],[44800.0],[33950.0],[4900.0],[0.0],[0.0],[0.0],[0.0],[0.0],[0.0],[0.0],[0.0]
['Monterey'],2021-03-13 to 2021-03-19,3,[26754000.0],[767053.0],[1001000.0],[199353.0],[0.0],[1942990.0],[5525580.0],[102200.0],[24358936.0],[913080.0],[1255275.0],[2381.0],[1850296.0],[0.0],[58513.0],[29281.0],[12553860.0],[690060.0],[590520.0],[238000.0],[88200.0],[0.0],[700.0],[273.0],[0.0],[0.0],[0.0],[364.0],[0.0]
['Tuolumne'],2021-03-13 to 2021-03-19,3,[3571000.0],[42000.0],[154000.0],[28.0],[0.0],[339360.0],[21120.0],[0.0],[13597400.0],[209360.0],[99125.0],[2212.0],[191919.0],[0.0],[350.0],[8014.0],[1324744.0],[114660.0],[109830.0],[28000.0],[3500.0],[0.0],[0.0],[107.0],[0.0],[0.0],[0.0],[0.0],[0.0]
['Napa'],2021-03-13 to 2021-03-19,3,[27834800.0],[81592.0],[126000.0],[153363.0],[0.0],[663880.0],[77000.0],[0.0],[5773400.0],[255976.0],[1303890.0],[378.0],[1401533.0],[0.0],[0.0],[364.0],[2108428.0],[116060.0],[85120.0],[152600.0],[23800.0],[0.0],[0.0],[91.0],[0.0],[105.0],[0.0],[0.0],[0.0]
['Ventura'],2021-03-13 to 2021-03-19,3,[21118300.0],[874328.0],[1582000.0],[68292.0],[0.0],[3507350.0],[1513120.0],[0.0],[69882750.0],[2677500.0],[600425.0],[5947.0],[4015564.0],[0.0],[35280.0],[318920.0],[15927240.0],[371140.0],[201600.0],[797650.0],[49700.0],[0.0],[0.0],[455.0],[336.0],[350.0],[0.0],[595.0],[0.0]
['El Dorado'],2021-03-13 to 2021-03-19,3,[9205000.0],[26600.0],[49000.0],[127118.0],[0.0],[206220.0],[403200.0],[14000.0],[3548300.0],[131096.0],[106204.0],[0.0],[836500.0],[0.0],[1750.0],[77350.0],[306180.0],[88760.0],[300160.0],[102900.0],[20300.0],[0.0],[0.0],[168.0],[0.0],[0.0],[0.0],[0.0],[0.0]
['Placer'],2021-03-13 to 2021-03-19,3,[14311000.0],[1083824.0],[1281000.0],[12082.0],[0.0],[2769950.0],[1346800.0],[350000.0],[25765600.0],[827400.0],[689472.0],[102019.0],[2423120.0],[0.0],[15260.0],[0.0],[3728824.0],[1460620.0],[707840.0],[660800.0],[3661000.0],[0.0],[0.0],[77.0],[0.0],[0.0],[0.0],[98.0],[0.0]
['Contra Costa'],2021-03-13 to 2021-03-19,3,[28631900.0],[2875817.0],[2984100.0],[736691.0],[3570.0],[8846622.0],[29580040.0],[14000.0],[20209600.0],[1233736.0],[1659644.0],[5012.0],[3866212.0],[0.0],[26600.0],[225088.0],[17506390.0],[1294020.0],[1560370.0],[448700.0],[50400.0],[0.0],[0.0],[588.0],[0.0],[175.0],[0.0],[0.0],[0.0]
['Colusa'],2021-03-13 to 2021-03-19,3,[9688000.0],[36624.0],[35000.0],[70007.0],[0.0],[11592.0],[43680.0],[0.0],[9548000.0],[98448.0],[151403.0],[0.0],[342965.0],[0.0],[0.0],[19600.0],[497420.0],[0.0],[66220.0],[350.0],[11200.0],[0.0],[0.0],[14.0],[0.0],[0.0],[0.0],[0.0],[0.0]
['Sonoma'],2021-03-13 to 2021-03-19,3,[5986400.0],[1142519.0],[1547000.0],[1204196.0],[0.0],[740320.0],[434896.0],[0.0],[16956100.0],[812000.0],[395598.0],[2029.0],[3396120.0],[0.0],[106330.0],[113491.0],[6258700.0],[222180.0],[1287360.0],[890400.0],[76300.0],[0.0],[0.0],[1827.0],[0.0],[0.0],[0.0],[70.0],[0.0]
['Amador'],2021-03-13 to 2021-03-19,3,[945000.0],[33712.0],[98007.0],[10620.0],[210.0],[188300.0],[6720.0],[0.0],[1470000.0],[120176.0],[54768.0],[1435.0],[198744.0],[0.0],[7000.0],[56000.0],[1391600.0],[44100.0],[40901.0],[7000.0],[70000.0],[0.0],[0.0],[35.0],[0.0],[0.0],[0.0],[0.0],[0.0]
['Mono'],2021-03-13 to 2021-03-19,3,[1627500.0],[53690.0],[154007.0],[70700.0],[84.0],[65058.0],[60200.0],[33250.0],[970200.0],[43876.0],[85022.0],[0.0],[72100.0],[0.0],[378.0],[0.0],[395500.0],[42280.0],[98000.0],[0.0],[10500.0],[0.0],[0.0],[0.0],[0.0],[0.0],[0.0],[0.0],[0.0]
['Shasta'],2021-03-13 to 2021-03-19,3,[1253000.0],[178416.0],[233100.0],[48524.0],[0.0],[143304.0],[73920.0],[0.0],[5053300.0],[155232.0],[196350.0],[231.0],[801444.0],[0.0],[0.0],[392.0],[480004.0],[0.0],[685440.0],[114800.0],[10500.0],[0.0],[0.0],[175.0],[0.0],[0.0],[0.0],[245.0],[0.0]
['Lassen'],2021-03-13 to 2021-03-19,3,[420000.0],[35280.0],[35035.0],[0.0],[0.0],[55370.0],[293440.0],[0.0],[3360000.0],[30184.0],[62748.0],[102200.0],[195699.0],[0.0],[0.0],[26985.0],[2919000.0],[88200.0],[156800.0],[36400.0],[0.0],[0.0],[0.0],[0.0],[0.0],[0.0],[0.0],[0.0],[0.0]
['Butte'],2021-03-13 to 2021-03-19,3,[2057720.0],[256312.0],[361214.0],[102053.0],[0.0],[331464.0],[4028640.0],[0.0],[7711200.0],[215684.0],[287133.0],[742.0],[1249220.0],[0.0],[0.0],[43050.0],[1637524.0],[376600.0],[273910.0],[232400.0],[27076.0],[1400.0],[700.0],[231.0],[0.0],[35.0],[0.0],[0.0],[0.0]
['Merced'],2021-03-13 to 2021-03-19,3,[26877000.0],[872515.0],[1066800.0],[101052.0],[42.0],[2472850.0],[434924.0],[21000.0],[17168400.0],[1356992.0],[232310.0],[2044.0],[1587460.0],[0.0],[0.0],[2772.0],[6134960.0],[246960.0],[1404480.0],[443100.0],[82705.0],[0.0],[3430.0],[414.0],[0.0],[56.0],[0.0],[14.0],[0.0]
['Glenn'],2021-03-13 to 2021-03-19,3,[777000.0],[32256.0],[91000.0],[70.0],[0.0],[19950.0],[0.0],[0.0],[1815800.0],[25900.0],[24472.0],[1785.0],[147679.0],[0.0],[0.0],[19600.0],[1743000.0],[0.0],[117880.0],[1750.0],[700.0],[0.0],[0.0],[0.0],[0.0],[0.0],[0.0],[0.0],[0.0]
['Plumas'],2021-03-13 to 2021-03-19,3,[308000.0],[19600.0],[70000.0],[16429.0],[0.0],[18200.0],[37800.0],[0.0],[701400.0],[32312.0],[25284.0],[1486.0],[121800.0],[0.0],[2814.0],[19600.0],[94920.0],[0.0],[40320.0],[0.0],[5600.0],[0.0],[0.0],[0.0],[0.0],[168.0],[0.0],[133.0],[0.0]
['Sierra'],2021-03-13 to 2021-03-19,3,[116060.0],[5600.0],[10500.0],[7000.0],[0.0],[12040.0],[33600.0],[0.0],[81900.0],[3500.0],[15974.0],[182.0],[21028.0],[10500.0],[0.0],[45500.0],[28280.0],[0.0],[8960.0],[5600.0],[0.0],[0.0],[0.0],[0.0],[0.0],[0.0],[0.0],[21.0],[0.0]
['Alpine'],2021-03-13 to 2021-03-19,3,[48160.0],[5600.0],[0.0],[252.0],[0.0],[350.0],[0.0],[0.0],[57400.0],[4900.0],[7294.0],[0.0],[1652.0],[0.0],[700.0],[0.0],[4760.0],[8820.0],[24920.0],[700.0],[0.0],[0.0],[0.0],[0.0],[0.0],[0.0],[0.0],[0.0],[0.0]
['Los Angeles'],2021-03-13 to 2021-03-19,4,[],[],[],[],[],[],[],[],[],[],[],[],[],[],[],[],[],[],[],[],[],[],[],[],[],[],[],[],[]
['Solano'],2021-03-13 to 2021-03-19,4,[],[],[],[],[],[],[],[],[],[],[],[],[],[],[],[],[],[],[],[],[],[],[],[],[],[],[],[],[]
['Fresno'],2021-03-13 to 2021-03-19,4,[],[],[],[],[],[],[],[],[],[],[],[],[],[],[],[],[],[],[],[],[],[],[],[],[],[],[],[],[]
['Mendocino'],2021-03-13 to 2021-03-19,4,[],[],[],[],[],[],[],[],[],[],[],[],[],[],[],[],[],[],[],[],[],[],[],[],[],[],[],[],[]
['Trinity'],2021-03-13 to 2021-03-19,4,[],[],[],[],[],[],[],[],[],[],[],[],[],[],[],[],[],[],[],[],[],[],[],[],[],[],[],[],[]
['Nevada'],2021-03-13 to 2021-03-19,4,[],[],[],[],[],[],[],[],[],[],[],[],[],[],[],[],[],[],[],[],[],[],[],[],[],[],[],[],[]
['Inyo'],2021-03-13 to 2021-03-19,4,[],[],[],[],[],[],[],[],[],[],[],[],[],[],[],[],[],[],[],[],[],[],[],[],[],[],[],[],[]
['Yolo'],2021-03-13 to 2021-03-19,4,[],[],[],[],[],[],[],[],[],[],[],[],[],[],[],[],[],[],[],[],[],[],[],[],[],[],[],[],[]
['Santa Cruz'],2021-03-13 to 2021-03-19,4,[],[],[],[],[],[],[],[],[],[],[],[],[],[],[],[],[],[],[],[],[],[],[],[],[],[],[],[],[]
['Imperial'],2021-03-13 to 2021-03-19,4,[],[],[],[],[],[],[],[],[],[],[],[],[],[],[],[],[],[],[],[],[],[],[],[],[],[],[],[],[]
['Marin'],2021-03-13 to 2021-03-19,4,[],[],[],[],[],[],[],[],[],[],[],[],[],[],[],[],[],[],[],[],[],[],[],[],[],[],[],[],[]
['San Bernardino'],2021-03-13 to 2021-03-19,4,[],[],[],[],[],[],[],[],[],[],[],[],[],[],[],[],[],[],[],[],[],[],[],[],[],[],[],[],[]
['Kern'],2021-03-13 to 2021-03-19,4,[],[],[],[],[],[],[],[],[],[],[],[],[],[],[],[],[],[],[],[],[],[],[],[],[],[],[],[],[]
['Orange'],2021-03-13 to 2021-03-19,4,[],[],[],[],[],[],[],[],[],[],[],[],[],[],[],[],[],[],[],[],[],[],[],[],[],[],[],[],[]
['Sutter'],2021-03-13 to 2021-03-19,4,[],[],[],[],[],[],[],[],[],[],[],[],[],[],[],[],[],[],[],[],[],[],[],[],[],[],[],[],[]
['Tulare'],2021-03-13 to 2021-03-19,4,[],[],[],[],[],[],[],[],[],[],[],[],[],[],[],[],[],[],[],[],[],[],[],[],[],[],[],[],[]
['Siskiyou'],2021-03-13 to 2021-03-19,4,[],[],[],[],[],[],[],[],[],[],[],[],[],[],[],[],[],[],[],[],[],[],[],[],[],[],[],[],[]
['Alameda'],2021-03-13 to 2021-03-19,4,[],[],[],[],[],[],[],[],[],[],[],[],[],[],[],[],[],[],[],[],[],[],[],[],[],[],[],[],[]
['Stanislaus'],2021-03-13 to 2021-03-19,4,[],[],[],[],[],[],[],[],[],[],[],[],[],[],[],[],[],[],[],[],[],[],[],[],[],[],[],[],[]
['Lake'],2021-03-13 to 2021-03-19,4,[],[],[],[],[],[],[],[],[],[],[],[],[],[],[],[],[],[],[],[],[],[],[],[],[],[],[],[],[]
['Del Norte'],2021-03-13 to 2021-03-19,4,[],[],[],[],[],[],[],[],[],[],[],[],[],[],[],[],[],[],[],[],[],[],[],[],[],[],[],[],[]
['San Mateo'],2021-03-13 to 2021-03-19,4,[],[],[],[],[],[],[],[],[],[],[],[],[],[],[],[],[],[],[],[],[],[],[],[],[],[],[],[],[]
['Tehama'],2021-03-13 to 2021-03-19,4,[],[],[],[],[],[],[],[],[],[],[],[],[],[],[],[],[],[],[],[],[],[],[],[],[],[],[],[],[]
['San Francisco'],2021-03-13 to 2021-03-19,4,[],[],[],[],[],[],[],[],[],[],[],[],[],[],[],[],[],[],[],[],[],[],[],[],[],[],[],[],[]
['San Joaquin'],2021-03-13 to 2021-03-19,4,[],[],[],[],[],[],[],[],[],[],[],[],[],[],[],[],[],[],[],[],[],[],[],[],[],[],[],[],[]
['Santa Barbara'],2021-03-13 to 2021-03-19,4,[],[],[],[],[],[],[],[],[],[],[],[],[],[],[],[],[],[],[],[],[],[],[],[],[],[],[],[],[]
['Sacramento'],2021-03-13 to 2021-03-19,4,[],[],[],[],[],[],[],[],[],[],[],[],[],[],[],[],[],[],[],[],[],[],[],[],[],[],[],[],[]
['Madera'],2021-03-13 to 2021-03-19,4,[],[],[],[],[],[],[],[],[],[],[],[],[],[],[],[],[],[],[],[],[],[],[],[],[],[],[],[],[]
['Yuba'],2021-03-13 to 2021-03-19,4,[],[],[],[],[],[],[],[],[],[],[],[],[],[],[],[],[],[],[],[],[],[],[],[],[],[],[],[],[]
['Santa Clara'],2021-03-13 to 2021-03-19,4,[],[],[],[],[],[],[],[],[],[],[],[],[],[],[],[],[],[],[],[],[],[],[],[],[],[],[],[],[]
['Humboldt'],2021-03-13 to 2021-03-19,4,[],[],[],[],[],[],[],[],[],[],[],[],[],[],[],[],[],[],[],[],[],[],[],[],[],[],[],[],[]
['San Diego'],2021-03-13 to 2021-03-19,4,[],[],[],[],[],[],[],[],[],[],[],[],[],[],[],[],[],[],[],[],[],[],[],[],[],[],[],[],[]
['San Benito'],2021-03-13 to 2021-03-19,4,[],[],[],[],[],[],[],[],[],[],[],[],[],[],[],[],[],[],[],[],[],[],[],[],[],[],[],[],[]
['Kings'],2021-03-13 to 2021-03-19,4,[],[],[],[],[],[],[],[],[],[],[],[],[],[],[],[],[],[],[],[],[],[],[],[],[],[],[],[],[]
['Mariposa'],2021-03-13 to 2021-03-19,4,[],[],[],[],[],[],[],[],[],[],[],[],[],[],[],[],[],[],[],[],[],[],[],[],[],[],[],[],[]
['Riverside'],2021-03-13 to 2021-03-19,4,[],[],[],[],[],[],[],[],[],[],[],[],[],[],[],[],[],[],[],[],[],[],[],[],[],[],[],[],[]
['San Luis Obispo'],2021-03-13 to 2021-03-19,4,[],[],[],[],[],[],[],[],[],[],[],[],[],[],[],[],[],[],[],[],[],[],[],[],[],[],[],[],[]
['Modoc'],2021-03-13 to 2021-03-19,4,[],[],[],[],[],[],[],[],[],[],[],[],[],[],[],[],[],[],[],[],[],[],[],[],[],[],[],[],[]
['Calaveras'],2021-03-13 to 2021-03-19,4,[],[],[],[],[],[],[],[],[],[],[],[],[],[],[],[],[],[],[],[],[],[],[],[],[],[],[],[],[]
['Monterey'],2021-03-13 to 2021-03-19,4,[],[],[],[],[],[],[],[],[],[],[],[],[],[],[],[],[],[],[],[],[],[],[],[],[],[],[],[],[]
['Tuolumne'],2021-03-13 to 2021-03-19,4,[],[],[],[],[],[],[],[],[],[],[],[],[],[],[],[],[],[],[],[],[],[],[],[],[],[],[],[],[]
['Napa'],2021-03-13 to 2021-03-19,4,[],[],[],[],[],[],[],[],[],[],[],[],[],[],[],[],[],[],[],[],[],[],[],[],[],[],[],[],[]
['Ventura'],2021-03-13 to 2021-03-19,4,[],[],[],[],[],[],[],[],[],[],[],[],[],[],[],[],[],[],[],[],[],[],[],[],[],[],[],[],[]
['El Dorado'],2021-03-13 to 2021-03-19,4,[],[],[],[],[],[],[],[],[],[],[],[],[],[],[],[],[],[],[],[],[],[],[],[],[],[],[],[],[]
['Placer'],2021-03-13 to 2021-03-19,4,[],[],[],[],[],[],[],[],[],[],[],[],[],[],[],[],[],[],[],[],[],[],[],[],[],[],[],[],[]
['Contra Costa'],2021-03-13 to 2021-03-19,4,[],[],[],[],[],[],[],[],[],[],[],[],[],[],[],[],[],[],[],[],[],[],[],[],[],[],[],[],[]
['Colusa'],2021-03-13 to 2021-03-19,4,[],[],[],[],[],[],[],[],[],[],[],[],[],[],[],[],[],[],[],[],[],[],[],[],[],[],[],[],[]
['Sonoma'],2021-03-13 to 2021-03-19,4,[],[],[],[],[],[],[],[],[],[],[],[],[],[],[],[],[],[],[],[],[],[],[],[],[],[],[],[],[]
['Amador'],2021-03-13 to 2021-03-19,4,[],[],[],[],[],[],[],[],[],[],[],[],[],[],[],[],[],[],[],[],[],[],[],[],[],[],[],[],[]
['Mono'],2021-03-13 to 2021-03-19,4,[],[],[],[],[],[],[],[],[],[],[],[],[],[],[],[],[],[],[],[],[],[],[],[],[],[],[],[],[]
['Shasta'],2021-03-13 to 2021-03-19,4,[],[],[],[],[],[],[],[],[],[],[],[],[],[],[],[],[],[],[],[],[],[],[],[],[],[],[],[],[]
['Lassen'],2021-03-13 to 2021-03-19,4,[],[],[],[],[],[],[],[],[],[],[],[],[],[],[],[],[],[],[],[],[],[],[],[],[],[],[],[],[]
['Butte'],2021-03-13 to 2021-03-19,4,[],[],[],[],[],[],[],[],[],[],[],[],[],[],[],[],[],[],[],[],[],[],[],[],[],[],[],[],[]
['Merced'],2021-03-13 to 2021-03-19,4,[],[],[],[],[],[],[],[],[],[],[],[],[],[],[],[],[],[],[],[],[],[],[],[],[],[],[],[],[]
['Glenn'],2021-03-13 to 2021-03-19,4,[],[],[],[],[],[],[],[],[],[],[],[],[],[],[],[],[],[],[],[],[],[],[],[],[],[],[],[],[]
['Plumas'],2021-03-13 to 2021-03-19,4,[],[],[],[],[],[],[],[],[],[],[],[],[],[],[],[],[],[],[],[],[],[],[],[],[],[],[],[],[]
['Sierra'],2021-03-13 to 2021-03-19,4,[],[],[],[],[],[],[],[],[],[],[],[],[],[],[],[],[],[],[],[],[],[],[],[],[],[],[],[],[]
['Alpine'],2021-03-13 to 2021-03-19,4,[],[],[],[],[],[],[],[],[],[],[],[],[],[],[],[],[],[],[],[],[],[],[],[],[],[],[],[],[]
